round,num_clients,num_dropped,per_client_upload_bytes,total_upload_bytes,broadcast_bytes,total_round_bytes,centralized_equiv_bytes,savings_pct
1,2,1,63508,127016,127016,254032,24356788,98.95703817761192
2,8,2,63508,508064,508064,1016128,24356788,95.8281527104477
3,9,1,63508,571572,571572,1143144,24356788,95.30667179925366
4,10,0,63508,635080,635080,1270160,24356788,94.78519088805962
5,9,1,63508,571572,571572,1143144,24356788,95.30667179925366
