round,num_clients,num_dropped,per_client_upload_bytes,total_upload_bytes,broadcast_bytes,total_round_bytes,centralized_equiv_bytes,savings_pct
1,3,0,63508,190524,190524,381048,24356788,98.43555726641789
2,10,0,63508,635080,635080,1270160,24356788,94.78519088805962
3,10,0,63508,635080,635080,1270160,24356788,94.78519088805962
4,10,0,63508,635080,635080,1270160,24356788,94.78519088805962
5,10,0,63508,635080,635080,1270160,24356788,94.78519088805962
