round,num_clients,num_dropped,per_client_upload_bytes,total_upload_bytes,broadcast_bytes,total_round_bytes,centralized_equiv_bytes,savings_pct
1,3,0,63508,190524,190524,381048,24356788,98.43555726641789
2,7,0,63508,444556,444556,889112,24356788,96.34963362164174
3,7,0,63508,444556,444556,889112,24356788,96.34963362164174
4,7,0,63508,444556,444556,889112,24356788,96.34963362164174
5,7,0,63508,444556,444556,889112,24356788,96.34963362164174
